,file,batter,batter_count,pitch_x,pitch_z,swing_result,two_strikes,distance,attack_angle,track_angle,contact_y_loc
0,anonymized-files-wisd/12345634_10282.jsonl,797796542.0,0.0,-1.9147959877937104,2.991990855721803,Hit and Out,False,0.0,0.4807614147836602,-9.097509767752555,1.4595282815375217
1,anonymized-files-wisd/12345634_10475.jsonl,352830460.0,1.0,0.3874194473563244,2.498574649902031,Hit and Safe,True,13.132890309653735,3.273714324096146,-0.4681423706229415,1.5558078053372435
2,anonymized-files-wisd/12345634_10962.jsonl,412098649.0,4.0,-0.6330321115009854,2.994021085047232,Hit Foul,True,5.5494427125478545,-3.0916400926602488,-6.9199023212213575,-0.2072186573225727
3,anonymized-files-wisd/12345634_11227.jsonl,797957728.0,1.0,-0.7569079274468916,2.445400721194326,Hit and Out,True,15.944854673070454,,,1.1043772812803567
4,anonymized-files-wisd/12345634_11462.jsonl,459722179.0,0.0,0.0167713171676101,2.1444416556825403,Hit Foul,False,0.0,4.1397589136219635,-4.189510090441041,2.2932833001962023
5,anonymized-files-wisd/12345634_11892.jsonl,505414610.0,3.0,0.0732774313411165,1.989328016399036,Hit and Out,False,9.545412681723954,,,0.6728657332079114
6,anonymized-files-wisd/12345634_12076.jsonl,360906992.0,12.0,-0.5814784506501571,2.891020672367075,Hit and Out,False,18.315539608387883,3.0825624149616733,-1.595541069999432,1.5546102565147917
7,anonymized-files-wisd/12345634_12324.jsonl,352830460.0,16.0,-0.4206648754598227,2.826787504078767,Hit Foul,False,25.10224138225421,-4.756926459477563,-8.301669281582999,0.2371230413841215
8,anonymized-files-wisd/12345634_12705.jsonl,654287703.0,4.0,0.2251691407523485,2.3469729018125034,Hit and Out,False,11.02234069273406,6.659842072524815,0.5797379862955685,2.0294601250061524
9,anonymized-files-wisd/12345634_12936.jsonl,849653732.0,3.0,0.9839259756747428,2.54412448037951,Hit Foul,False,31.462811703733383,,,0.4673249800056719
10,anonymized-files-wisd/12345634_14023.jsonl,590082479.0,5.0,-0.1606572733360286,1.9433481281585352,Hit and Out,False,9.64347803864622,2.5718096129661903,-1.674673689515766,0.6295590229549602
11,anonymized-files-wisd/12345634_1574.jsonl,797957728.0,19.0,-0.6926672060749292,1.7504477773830356,Hit and Out,False,14.6395262781116,,,0.945589533865828
12,anonymized-files-wisd/12345634_16685.jsonl,459722179.0,12.0,-0.5945251122188715,2.978454513363838,Hit and Out,False,17.302104008140155,2.9699025873908416,1.2176866843502565,1.783977372772319
13,anonymized-files-wisd/12345634_18456.jsonl,485007791.0,15.0,-0.030684752423789,2.020706489540814,Hit Foul,False,12.25657259388842,-0.3763846210303506,-5.653286236967158,0.9398028671186714
14,anonymized-files-wisd/12345634_19719.jsonl,849653732.0,5.0,0.1380683854106648,2.3805303499066923,Hit and Safe,True,43.20154034785147,1.881430881115808,-5.289231927418555,1.2323432246262558
15,anonymized-files-wisd/12345634_20958.jsonl,854238128.0,1.0,0.2691808961016232,2.017170555673255,Hit and Safe,False,19.386754565422375,-19.353273131544864,-23.64032891098478,0.6037213095587639
16,anonymized-files-wisd/12345634_21635.jsonl,412098649.0,16.0,-1.9108298494705265,1.6337176239786115,Hit Foul,True,32.761554584516716,-1.0938858856529283,72.9163999791254,-0.9093004055382304
17,anonymized-files-wisd/12345634_23217.jsonl,412098649.0,7.0,0.1186191127100492,2.8246822374828144,Hit and Safe,True,30.86648154789008,-17.95963670378277,-22.295896781205062,-0.0220874552412734
18,anonymized-files-wisd/12345634_24078.jsonl,558675411.0,9.0,0.5278800580338521,2.3238641545705354,Hit and Out,True,25.95329454300518,0.4679170176650764,10.104383349270844,1.395907395338363
19,anonymized-files-wisd/12345634_24251.jsonl,765710437.0,1.0,0.7502101039894066,2.7275351595230832,Hit Foul,False,12.193981020593062,1.6717431810860572,-2.6771189720840223,1.5489023423046218
20,anonymized-files-wisd/12345634_26173.jsonl,412098649.0,9.0,0.7792993835555371,3.4680717603836277,Hit Foul,False,52.50651112858733,8.514203843882767,4.8557295041033335,0.6682713528008435
21,anonymized-files-wisd/12345634_26446.jsonl,,,,,,,-2.0,,,0.0
22,anonymized-files-wisd/12345634_26985.jsonl,505414610.0,1.0,-0.561724619798147,2.293407775246565,Hit and Out,True,14.646016683593745,-2.304375459992345,-6.662378933928213,-0.0791869446409889
23,anonymized-files-wisd/12345634_28018.jsonl,854238128.0,6.0,-0.6996378184110565,2.3694389601789614,Hit and Out,True,9.750849125718402,-14.450043055676977,-27.869232180536144,0.966938124380119
24,anonymized-files-wisd/12345634_28863.jsonl,854238128.0,5.0,-1.1773381051268743,2.187471849099038,Hit and Safe,False,7.7894554077062015,-10.970300785907437,-16.784166104568122,0.7176262458894889
25,anonymized-files-wisd/12345634_29110.jsonl,412098649.0,15.0,-0.5650190068385935,3.677748633562435,Hit Foul,True,23.16840964964802,-3.4651357660874673,-6.953759101862186,-0.7025817135912876
26,anonymized-files-wisd/12345634_3057.jsonl,805688901.0,2.0,-0.6310714563233367,2.012749021098201,Hit and Safe,True,18.70438378026383,4.793680189413983,-9.208423244322953,1.83362062558547
27,anonymized-files-wisd/12345634_31111.jsonl,352830460.0,9.0,-1.135850595968871,2.015683299618566,Hit and Out,False,46.518548236295544,,,0.733048969461715
28,anonymized-files-wisd/12345634_31233.jsonl,719210239.0,12.0,0.0629484780030011,2.1989642764749333,Hit and Out,True,13.103863000782502,-10.556531155969706,-15.929453432347476,0.2916863943588689
29,anonymized-files-wisd/12345634_31396.jsonl,545569723.0,8.0,0.2644170415428836,2.6110166991178403,Hit and Safe,False,6.686868543167583,2.2942367366484535,-9.077205079989886,1.1265501218946348
30,anonymized-files-wisd/12345634_31565.jsonl,412098649.0,10.0,0.5007124384517505,2.9663260706016596,Swing and Miss,False,43.01163840869957,-9.493849926944096,-13.41863783928913,-0.8514520634101171
31,anonymized-files-wisd/12345634_33042.jsonl,686425745.0,1.0,-0.4784104007476551,3.5025355769516455,Hit Foul,False,12.275239238308554,-6.515613631445876,-10.566306653748024,-0.0383985846476218
32,anonymized-files-wisd/12345634_33197.jsonl,765710437.0,0.0,-0.2083686830413391,2.3722104408390714,Hit and Safe,True,0.0,5.600270937834051,0.7216334796241188,1.7359848236087037
33,anonymized-files-wisd/12345634_33322.jsonl,459722179.0,9.0,1.014497706739098,2.9572465765399234,Hit Foul,True,15.395297990254042,,,0.9106811361297704
34,anonymized-files-wisd/12345634_3441.jsonl,360906992.0,10.0,-0.602278481283579,2.5269278035030314,Hit Foul,False,13.017001728208728,5.939780482530614,4.575953930786691,2.549496215634029
35,anonymized-files-wisd/12345634_34783.jsonl,360906992.0,11.0,-0.4879706784370844,3.263806147626668,Hit Foul,True,17.33738763417261,3.166305235940324,-0.4171152605645938,2.596564285038644
36,anonymized-files-wisd/12345634_35122.jsonl,686425745.0,2.0,-0.6359749109413366,3.1947772314385907,Hit Foul,True,29.953318693209752,-9.382861392279075,-13.48637396177586,-0.2946035514822334
37,anonymized-files-wisd/12345634_35188.jsonl,805688901.0,3.0,0.7908909682490041,2.0334775080707344,Hit Foul,True,36.783426898196765,,,1.288585163884506
38,anonymized-files-wisd/12345634_35901.jsonl,797957728.0,18.0,0.5452832891052642,3.01771688470779,Hit and Safe,True,36.390604298682426,,,1.7665803176993624
39,anonymized-files-wisd/12345634_35936.jsonl,558675411.0,4.0,0.4286272638574001,1.5530085492388372,Hit Foul,False,15.46224460965606,7.907981317975155,-0.5179982628756523,2.113671659521822
40,anonymized-files-wisd/12345634_3669.jsonl,,,,,,,-2.0,,,0.0
41,anonymized-files-wisd/12345634_36747.jsonl,849653732.0,2.0,-0.6476989650073085,2.213646829928781,Hit Foul,False,23.097207906122367,4.8795643835177,0.0909445874089502,1.2630601748911403
42,anonymized-files-wisd/12345634_36947.jsonl,352830460.0,10.0,0.090307080171041,2.610589535440558,Hit Foul,True,12.480494274811209,-3.67900150781213,-8.471504101917883,0.7076706039942254
43,anonymized-files-wisd/12345634_38882.jsonl,719210239.0,2.0,-0.7818692738456188,2.502511402342938,Hit and Safe,True,9.296082889227462,5.5043688968031494,14.275143732522215,1.6475869681562447
44,anonymized-files-wisd/12345634_38908.jsonl,797957728.0,8.0,-0.694384985182606,2.4519269175919796,Hit and Out,False,10.63541319380991,,,1.5426493153124188
45,anonymized-files-wisd/12345634_38919.jsonl,558675411.0,1.0,-0.2332838109188427,2.4653090960945043,Hit and Safe,True,30.14870895212926,8.462038070578444,12.81170642468726,2.0600168912219123
46,anonymized-files-wisd/12345634_39022.jsonl,805688901.0,4.0,-0.978316332688166,2.130388150403334,Hit Foul,True,21.289260031577996,9.711027612581445,-69.28421408509143,1.4567147289233349
47,anonymized-files-wisd/12345634_39466.jsonl,459722179.0,15.0,0.2609855457338057,2.7762649806284165,Hit and Out,False,12.507986931333091,3.476133686597018,-1.8787340857916976,1.7832100232195804
48,anonymized-files-wisd/12345634_39621.jsonl,223971350.0,0.0,-0.2366186363865416,2.5912613536547866,Hit Foul,False,0.0,0.4595032048984881,-4.705949758029273,1.2948480297507192
49,anonymized-files-wisd/12345634_39952.jsonl,654287703.0,5.0,-0.0760950324808172,3.364657990335762,Hit and Safe,False,11.637206770371034,10.170258807319884,2.870193709700339,1.066082841952996
50,anonymized-files-wisd/12345634_3999.jsonl,505414610.0,5.0,1.2902560273423276,1.8639746321385644,Hit and Out,True,35.80785436895347,6.2273926939806294,-1.086565431151544,1.1737024853535307
51,anonymized-files-wisd/12345634_40552.jsonl,352830460.0,4.0,-0.5554355768941518,3.1235367647226893,Hit Foul,True,35.70058782017851,-6.427278987738503,-10.783811007373023,-0.1373937366417751
52,anonymized-files-wisd/12345634_41109.jsonl,765710437.0,7.0,-0.8374184403088655,3.3741237784897566,Hit and Out,False,6.582114270533548,9.145546426729387,20.916073189977126,1.8014941805259752
53,anonymized-files-wisd/12345634_42047.jsonl,719210239.0,7.0,0.2183897862942658,3.075912520338671,Hit Foul,False,19.900929331146585,-28.62203618943525,-31.279941953017715,1.5159695888559603
54,anonymized-files-wisd/12345634_42373.jsonl,223971350.0,2.0,-0.8284984786658478,2.6747353386984782,Hit and Out,False,10.926961191920489,7.752109101614392,3.966720433432649,1.9032881943620736
55,anonymized-files-wisd/12345634_42950.jsonl,719210239.0,10.0,-0.335150409535638,3.1087884011704614,Hit Foul,True,10.224038783386131,,,1.2227493309059954
56,anonymized-files-wisd/12345634_43187.jsonl,849653732.0,4.0,-0.4956563674530232,2.8401727903617493,Hit Foul,True,18.974234556791988,-5.038842690056115,-10.585542778001315,0.2812309418990537
57,anonymized-files-wisd/12345634_43818.jsonl,719210239.0,11.0,0.0085571665262113,2.1623547949957156,Hit Foul,False,28.28704755204811,-23.29265417181201,-28.669011135574895,0.3726314304157423
58,anonymized-files-wisd/12345634_43934.jsonl,719210239.0,9.0,-0.3787316430606279,2.4711138297864346,Hit Foul,False,9.023414569349407,-12.338928520896085,-17.43858197985894,0.5814740711559094
59,anonymized-files-wisd/12345634_44370.jsonl,360906992.0,2.0,-0.6542770146335846,2.6177593024624843,Hit and Out,False,10.784539570835552,4.613996160977436,-1.7087030962109635,1.676878959380812
60,anonymized-files-wisd/12345634_44621.jsonl,459722179.0,8.0,-0.0092971665326274,0.8468236336604034,Hit and Out,True,13.045724676046712,1.521287941657538,-36.822167199640695,1.2597277652371195
61,anonymized-files-wisd/12345634_44646.jsonl,352830460.0,12.0,-0.0971857674489176,2.1465457742589686,Hit and Out,True,24.123013816444963,4.521042884609373,-0.7039342238532154,1.4841863176397587
62,anonymized-files-wisd/12345634_45088.jsonl,849653732.0,0.0,-0.2489885715754057,2.9987411661194248,Hit and Out,True,0.0,-18.766922805489873,-23.803093209994977,0.6747265065595253
63,anonymized-files-wisd/12345634_45334.jsonl,360906992.0,1.0,-0.1562722720476882,3.7970539638674543,Hit Foul,True,16.281004038403008,5.5348412191623915,1.727765661381543,1.7131167612465066
64,anonymized-files-wisd/12345634_45529.jsonl,854238128.0,2.0,-1.111389648238268,1.9046394789059349,Hit and Safe,False,8.54676110120625,-1.497807142732969,-7.868950373411733,0.3676888740088868
65,anonymized-files-wisd/12345634_46588.jsonl,797957728.0,14.0,0.1412128418363746,2.617297910391257,Hit Foul,False,6.626758056973774,-5.596280466279948,-11.928563590672004,1.255027115492935
66,anonymized-files-wisd/12345634_46602.jsonl,412098649.0,13.0,-0.4249234838989754,2.1270405942801975,Hit Foul,False,28.80750928426438,-7.363585253131805,-12.347856208481849,-0.497255863374567
67,anonymized-files-wisd/12345634_46897.jsonl,360906992.0,5.0,0.6530145170049281,2.418974040707124,Hit Foul,True,34.89414130800527,0.1984839660547504,-5.800696158343711,2.174628320393525
68,anonymized-files-wisd/12345634_47421.jsonl,,,,,,,-2.0,,,0.0
69,anonymized-files-wisd/12345634_48067.jsonl,360906992.0,0.0,-1.3550481208298213,2.650666639208633,Hit and Safe,False,0.0,,,1.2383343128021476
70,anonymized-files-wisd/12345634_48412.jsonl,797957728.0,13.0,0.6377902161803313,2.5021156765547543,Hit Foul,False,9.876475397656227,-4.033931364895905,-9.822710513211865,0.7261544444741964
71,anonymized-files-wisd/12345634_49396.jsonl,485007791.0,8.0,-0.2803006835152593,2.129337432232418,Hit and Out,False,25.78156330616363,,,0.7999860707432805
72,anonymized-files-wisd/12345634_5655.jsonl,412098649.0,12.0,0.0006546368349589,1.191012564140677,Hit and Out,True,20.17227896003276,,,-0.4876299335811452
73,anonymized-files-wisd/12345634_5780.jsonl,360906992.0,3.0,0.4532977171451706,3.048881560022281,Hit Foul,True,40.256145506545835,,,1.3184154934897483
74,anonymized-files-wisd/12345634_7592.jsonl,797957728.0,12.0,0.7693055753349486,1.4244244782668851,Hit Foul,True,7.91527225286694,-10.558722925617012,-38.35727735991489,-0.0033868774614281
75,anonymized-files-wisd/12345634_7990.jsonl,558675411.0,10.0,-0.6188484280934835,3.774969696783487,Hit and Out,True,36.340597185616026,11.298826072948955,7.937718479881589,1.7269090904387645
76,anonymized-files-wisd/12345634_8772.jsonl,360906992.0,9.0,0.6637723276684684,1.922116151369886,Hit and Out,True,40.5482590477659,55.99832948242191,58.6533562553154,1.835929614538784
77,anonymized-files-wisd/12345634_8840.jsonl,474808052.0,2.0,-0.183935016335985,2.405817903441666,Hit and Out,False,36.17856696519074,21.199652074713743,12.229331919639558,2.013545806195163
78,anonymized-files-wisd/12345636_10379.jsonl,474808052.0,8.0,0.065131315203221,2.1818134930950763,Hit Foul,False,39.80733062169769,0.2056819774308123,-5.5353819281048295,0.9282815583661016
79,anonymized-files-wisd/12345636_10679.jsonl,174158975.0,8.0,0.2642500023614234,1.699223502378225,Hit and Safe,True,6.525154014188798,,,0.7630135557118474
80,anonymized-files-wisd/12345636_10867.jsonl,485007791.0,7.0,-0.2269417273190691,3.2762472461288232,Hit Foul,True,34.30430419861223,0.2055227141374102,-4.578547203224137,0.4074780050636915
81,anonymized-files-wisd/12345636_1109.jsonl,459722179.0,2.0,0.8905636086584537,3.113917917045937,Hit Foul,True,43.164768870174576,-9.527397511066388,-10.523675016658029,1.7113695280638477
82,anonymized-files-wisd/12345636_11753.jsonl,485007791.0,9.0,-0.4426150082169712,2.164925821694598,Hit and Safe,False,14.10297424324025,,,1.6040267464249305
83,anonymized-files-wisd/12345636_11974.jsonl,290569727.0,8.0,0.1847284215548961,1.6527648997268063,Hit Foul,True,40.81473357378,-2.6378334719068857,-11.294191737973533,0.1100967965407396
84,anonymized-files-wisd/12345636_13574.jsonl,223971350.0,4.0,0.1919360953030457,2.6520070689039934,Hit and Out,False,15.229870557520512,6.695178507327458,0.1202013033246673,1.5922325636194987
85,anonymized-files-wisd/12345636_14743.jsonl,719210239.0,13.0,0.6738533016961955,1.74403472075984,Hit and Out,True,49.78480904995285,0.5486463376632658,-9.687909076614805,1.3259706500097694
86,anonymized-files-wisd/12345636_15300.jsonl,474808052.0,6.0,-0.0358019629340042,2.6773389459737307,Hit Foul,True,12.77975809444646,-5.1346395918604175,-11.930111435917697,0.2155920493807626
87,anonymized-files-wisd/12345636_15748.jsonl,474808052.0,5.0,0.3434706886930261,2.3988056202246657,Hit Foul,False,43.00939341572307,3.648645792597893,-3.3743621842336378,1.580766723408086
88,anonymized-files-wisd/12345636_15891.jsonl,451871192.0,7.0,-0.435999442026018,1.8441585895046395,Hit Foul,False,8.618123417774417,-3.703910274599158,-10.609818734242602,-0.153203099776577
89,anonymized-files-wisd/12345636_1668.jsonl,805688901.0,8.0,0.2316549251121113,1.9222946388055784,Hit Foul,False,12.530392257421113,1.2158425498403789,-5.067261206627122,1.0843717205024546
90,anonymized-files-wisd/12345636_17347.jsonl,485007791.0,11.0,0.7788039663097359,3.6474447562597874,Hit Foul,True,27.473071903376415,1.3951398202180605,-2.023900566006807,0.7446268656706714
91,anonymized-files-wisd/12345636_17708.jsonl,849653732.0,6.0,-0.6782500698213613,3.263233378514505,Hit Foul,False,13.197190526329017,3.2495053061837194,-0.3996001852698261,0.7824702773809467
92,anonymized-files-wisd/12345636_1784.jsonl,797957728.0,7.0,0.002491299536558,3.2841733187484174,Hit and Out,False,14.536517346078174,-0.6823999973590679,-17.514171376025725,1.2725042956868204
93,anonymized-files-wisd/12345636_18070.jsonl,459722179.0,11.0,-0.0268981673412756,2.628355532193244,Hit and Out,False,11.256934014193275,,,1.2759477903988774
94,anonymized-files-wisd/12345636_18366.jsonl,485007791.0,12.0,-0.1056366225811219,4.080385133872062,Hit Foul,True,37.0111607537811,3.5498169893708877,-0.929003409389503,0.6107571436969175
95,anonymized-files-wisd/12345636_18762.jsonl,505414610.0,2.0,0.2704636036141373,1.1939394415569442,Hit and Safe,True,21.970459308187117,,,-0.081601913980792
96,anonymized-files-wisd/12345636_19726.jsonl,485007791.0,13.0,-0.1976869173057328,2.52685656819995,Hit Foul,False,20.592373780877956,-1.1735569957877905,-9.01744252127764,0.73484267240125
97,anonymized-files-wisd/12345636_21334.jsonl,719210239.0,8.0,0.0849262396774295,2.4911996087261508,Hit and Safe,True,21.786300451787188,5.090265846961949,-5.138936946033113,1.7290743777420716
98,anonymized-files-wisd/12345636_21568.jsonl,797957728.0,4.0,-0.5058216234584261,2.3329502188143283,Hit and Safe,True,25.93979567077552,-17.31689827413895,-22.60164946041668,0.9539280619541872
99,anonymized-files-wisd/12345636_21709.jsonl,654287703.0,2.0,-2.0000347960775047,2.6558426641912685,Hit Foul,True,8.542209708235172,1.5603817284091264,-50.8968707384533,0.5054113085875348
100,anonymized-files-wisd/12345636_22273.jsonl,505414610.0,6.0,0.3926209902388236,2.811035636231093,Hit and Out,True,8.975172650739863,,,0.1141377842545343
101,anonymized-files-wisd/12345636_22360.jsonl,719210239.0,0.0,-0.8497054664009296,2.4012371859666968,Hit and Safe,False,0.0,-1.170669314717807,-7.900899505954294,1.313009843550044
102,anonymized-files-wisd/12345636_2354.jsonl,290569727.0,3.0,0.2855571223717499,3.773796024211409,Hit and Safe,False,37.92190146571817,9.724964360315406,19.970601196133092,1.2563102873556269
103,anonymized-files-wisd/12345636_23696.jsonl,654287703.0,0.0,-0.2451092412304759,2.722689170092665,Hit and Safe,False,0.0,10.67262717834872,4.650622569379646,1.6198861739642854
104,anonymized-files-wisd/12345636_24726.jsonl,618024297.0,5.0,-0.4476469340929585,1.888766733911145,Hit and Out,False,14.79637411141253,0.0248544815959426,-5.744212557464738,0.4155241164567328
105,anonymized-files-wisd/12345636_26484.jsonl,174158975.0,4.0,-0.1091260891994784,2.6269723300271757,Hit and Safe,False,13.315377960845602,6.311307779913748,0.7679792966521362,1.1470065577862274
106,anonymized-files-wisd/12345636_26864.jsonl,545569723.0,7.0,-0.9099931750532476,3.1602215160398517,Hit and Out,True,8.599147202768446,3.532538721630522,7.82685389060999,1.6252061305857537
107,anonymized-files-wisd/12345636_27062.jsonl,654287703.0,6.0,-0.0936375911748065,2.710407329923992,Hit and Safe,True,6.250057621620802,4.866768885624372,-2.754052572788485,1.2440143320959374
108,anonymized-files-wisd/12345636_27617.jsonl,485007791.0,14.0,-0.169077593677439,3.8271257765691686,Hit Foul,False,37.969427828862415,7.264909962209884,3.4586106442536417,1.273388904438809
109,anonymized-files-wisd/12345636_2807.jsonl,590082479.0,9.0,-0.3298618898295068,2.800016605214797,Hit and Out,False,5.673812802951103,6.4801906311060335,5.571645446407918,1.263577689599682
110,anonymized-files-wisd/12345636_3001.jsonl,849653732.0,1.0,0.5663254796314776,2.358101419757702,Hit and Safe,False,39.538269403152746,,,0.7935387952741997
111,anonymized-files-wisd/12345636_30415.jsonl,451871192.0,5.0,-0.8137617418129713,2.12028856406539,Hit and Out,False,12.777993426318291,,,0.5489992707360358
112,anonymized-files-wisd/12345636_30488.jsonl,654287703.0,3.0,-0.1747896583381702,2.115119390038983,Hit Foul,True,21.18874327766311,3.3302112522736396,15.74980148198295,1.4518026183265342
113,anonymized-files-wisd/12345636_30712.jsonl,451871192.0,0.0,0.0929498106400768,1.5756288245673888,Hit and Out,True,0.0,15.727636453387555,7.607724281440707,1.8299539754767415
114,anonymized-files-wisd/12345636_32488.jsonl,590082479.0,8.0,0.3775928845752077,2.555953309875979,Hit Foul,False,46.374414622023785,5.849717980773003,1.4565850830164777,1.118889762992426
115,anonymized-files-wisd/12345636_32704.jsonl,797957728.0,2.0,-0.1742575434170215,1.809939727955912,Hit and Safe,False,9.822218126079925,-4.533173358134288,-10.011592150896444,0.9118310445593288
116,anonymized-files-wisd/12345636_35615.jsonl,545569723.0,3.0,-0.0734517026774692,2.1134527399866845,Hit and Out,False,8.08731347250409,,,0.8072290037167873
117,anonymized-files-wisd/12345636_35800.jsonl,590082479.0,7.0,0.3110934798096046,1.1877192873804625,Hit and Out,False,50.29209294117315,4.616312205869479,-56.691442227848114,1.4802327848635537
118,anonymized-files-wisd/12345636_36403.jsonl,505414610.0,4.0,0.9341429839303588,2.4540702477733594,Hit Foul,False,5.69900323175922,,,0.3949031336798586
119,anonymized-files-wisd/12345636_36584.jsonl,617522563.0,2.0,0.0563575058692613,1.3344001974488373,Hit and Safe,True,39.23753699198375,,,1.465940970968957
120,anonymized-files-wisd/12345636_36657.jsonl,617522563.0,0.0,-0.5729045640523718,2.7740471494100056,Hit Foul,False,0.0,2.9696947348492753,-1.3971755539754795,1.920360409387211
121,anonymized-files-wisd/12345636_38146.jsonl,360906992.0,7.0,-1.0712863259587908,3.2324948971472636,Hit and Out,True,19.6846953108655,2.556410957264677,-4.195530369509501,1.1991509983472712
122,anonymized-files-wisd/12345636_38338.jsonl,451871192.0,2.0,0.3516697138139221,2.15040202119882,Hit and Safe,False,32.29959298390533,-2.8429530381826513,-8.584778741011348,-0.0865577925708408
123,anonymized-files-wisd/12345636_38605.jsonl,459722179.0,13.0,0.0144362837089358,2.0855792431894815,Hit Foul,False,7.571250218398754,0.8462707867616486,-8.331878300028201,2.23213118906098
124,anonymized-files-wisd/12345636_39577.jsonl,765710437.0,6.0,0.7236572566091306,2.1516020891423335,Hit and Safe,False,10.6266861307745,,,1.0055904576358996
125,anonymized-files-wisd/12345636_40197.jsonl,765710437.0,5.0,-0.3500444472202608,3.1827899766575496,Hit Foul,True,8.160604817129364,,,1.1005599956589622
126,anonymized-files-wisd/12345636_40245.jsonl,719210239.0,6.0,-0.2639391704031058,3.156426992893915,Hit Foul,False,15.1827111294631,5.252859268137327,1.4531070495784697,1.431051403104885
127,anonymized-files-wisd/12345636_4061.jsonl,174158975.0,6.0,0.069948636361664,3.997709712497897,Hit Foul,True,24.385207995395476,14.033467419268506,10.527265129060943,-0.1901847533704476
128,anonymized-files-wisd/12345636_4067.jsonl,,,,,,,-2.0,,,0.0
129,anonymized-files-wisd/12345636_41153.jsonl,765710437.0,4.0,-0.2570762325488638,1.580647361716195,Hit and Safe,True,7.018458076863626,-10.49641228536926,-20.483270127566296,1.1312855502724473
130,anonymized-files-wisd/12345636_42251.jsonl,459722179.0,6.0,-0.4729897819920033,2.121459691435803,Hit Foul,False,14.424270553222977,,,1.8310417603518576
131,anonymized-files-wisd/12345636_42360.jsonl,451871192.0,8.0,0.3367530576300181,2.1885633256143784,Hit and Out,True,47.75168218574558,3.223486268057213,-3.401181149074495,0.334751065376802
132,anonymized-files-wisd/12345636_4248.jsonl,459722179.0,1.0,-0.8848432837704348,1.993119506424493,Hit Foul,False,17.956789751986133,0.215446318781531,-7.372824621760665,1.931348947412298
133,anonymized-files-wisd/12345636_42998.jsonl,719210239.0,3.0,-0.232157632891987,1.8177178714260744,Hit Foul,False,24.775441408323637,3.813089731510469,-2.7954639651695445,2.0929344337105924
134,anonymized-files-wisd/12345636_43192.jsonl,719210239.0,1.0,0.5312341136835094,1.942741244323404,Hit Foul,True,39.27234760087463,,,1.3426155116172924
135,anonymized-files-wisd/12345636_43242.jsonl,485007791.0,10.0,-0.0650792644123126,3.1218988615306458,Hit Foul,True,35.31935728349238,3.488386222967634,0.5409405256865161,0.892810242865655
136,anonymized-files-wisd/12345636_44836.jsonl,174158975.0,10.0,-0.4071860982287951,1.9138139404893515,Hit Foul,False,11.115839859864591,,,0.3332387829271374
137,anonymized-files-wisd/12345636_46490.jsonl,485007791.0,2.0,-0.027391057871952,1.8061521094562203,Hit Foul,False,111.75609243283616,-89.5402234965134,-97.78830588174522,1.9884046652922929
138,anonymized-files-wisd/12345636_46674.jsonl,805688901.0,0.0,0.4447805209328363,2.4084948455746265,Hit Foul,False,0.0,8.533680850018403,1.2453329831617896,1.6169536252666257
139,anonymized-files-wisd/12345636_4677.jsonl,485007791.0,5.0,0.4692430684776427,2.0432546690822706,Hit Foul,True,16.442907197909804,-1.7426741734273858,-43.097491187759914,1.592472963316404
140,anonymized-files-wisd/12345636_47458.jsonl,485007791.0,4.0,0.2334614669562736,4.015914244710605,Hit and Out,True,29.507432346050507,3.685412270906009,2.4799148749391486,1.245267427787096
141,anonymized-files-wisd/12345636_47982.jsonl,,,,,,,-2.0,,,0.0
142,anonymized-files-wisd/12345636_48315.jsonl,654287703.0,1.0,0.1669620437950303,2.399515059384892,Hit and Safe,True,12.818270490512573,-13.181202128950364,-19.60096429828003,-0.1396906715477055
143,anonymized-files-wisd/12345636_48422.jsonl,618024297.0,4.0,-0.0833134473410268,3.5223599047429883,Hit and Out,True,58.629577808400526,5.291277004789996,60.06628923345463,1.287940750815297
144,anonymized-files-wisd/12345636_48944.jsonl,590082479.0,10.0,0.253714399188739,2.18942804192221,Hit and Safe,False,49.95317685380946,4.694719405384609,-1.518154045421027,1.6679223926191966
145,anonymized-files-wisd/12345636_49257.jsonl,618024297.0,9.0,-0.1353137539421846,2.6303194777862156,Hit and Safe,False,62.01260653128619,-9.39966223895094,-13.964161678867455,0.3008249759855288
146,anonymized-files-wisd/12345636_49288.jsonl,719210239.0,4.0,-0.571440977882755,2.5610028431928056,Hit Foul,False,13.02813049240013,-4.300431674988566,-7.975911230035048,0.4815121517582123
147,anonymized-files-wisd/12345636_49986.jsonl,719210239.0,5.0,0.0431635501738758,2.271331692084152,Hit Foul,False,13.232467334838226,8.253886132617843,1.5092225171877738,2.4194919107114923
148,anonymized-files-wisd/12345636_5395.jsonl,174158975.0,7.0,0.3452128081861313,2.4174320738323787,Hit and Out,True,8.659267144204394,6.526655996590848,7.887696570945818,0.6238430811454077
149,anonymized-files-wisd/12345636_6684.jsonl,505414610.0,0.0,0.689977597372379,3.318518659697423,Hit and Safe,False,0.0,2.4232008861973147,5.810530969988777,0.6393916139711038
150,anonymized-files-wisd/12345636_6791.jsonl,618024297.0,7.0,-0.6734831769934571,2.9150018320779805,Hit Foul,False,13.917715258604176,1.4525247435302762,-3.5947906340607396,0.2096578434732671
151,anonymized-files-wisd/12345641_12235.jsonl,432216743.0,0.0,-1.498019994560022,1.1725146526387544,Hit Foul,True,0.0,3.69201486127932,-36.4260463701883,1.449321715841417
152,anonymized-files-wisd/12345641_12872.jsonl,459722179.0,14.0,0.7117132098936392,3.412535498371572,Hit Foul,True,15.432911422647775,-7.217902675504913,-12.821570983398487,0.9722652524353655
153,anonymized-files-wisd/12345641_14252.jsonl,174158975.0,5.0,-0.5624293579584925,3.1586859724455736,Hit Foul,False,20.79909787788864,13.074452798189986,9.097660319502165,-0.2654553540103624
154,anonymized-files-wisd/12345641_14335.jsonl,797957728.0,0.0,0.57936826827526,2.5571347342410617,Hit Foul,False,0.0,-5.029146366392832,-11.07463705909504,1.0968654767872943
155,anonymized-files-wisd/12345641_14494.jsonl,360906992.0,8.0,-1.1376378459217529,1.2942521749626044,Hit and Out,False,16.807588891796925,2.21540201807024,-31.577132425946164,2.3992248127410307
156,anonymized-files-wisd/12345641_14556.jsonl,412098649.0,8.0,0.3323614849733347,1.205702178202657,Hit and Safe,False,25.39654449776876,,,0.5946575916899761
157,anonymized-files-wisd/12345641_14707.jsonl,719146721.0,6.0,-1.00483049536324,2.541734391920882,Hit and Out,False,21.331745778755796,15.838197178424782,8.433282606583036,2.1030500666810954
158,anonymized-files-wisd/12345641_14711.jsonl,545569723.0,6.0,0.4429836787573897,1.6013618571344446,Hit and Out,True,30.85385661533747,0.0370069286877535,-7.860673470928974,1.6517074519012591
159,anonymized-files-wisd/12345641_14906.jsonl,174158975.0,2.0,1.1234043150854751,2.4114353151156944,Hit Foul,False,13.941518390792774,3.9738168812800194,-2.711666161217708,1.0879887257064085
160,anonymized-files-wisd/12345641_15506.jsonl,854238128.0,0.0,-0.1315381146940821,2.846937507342466,Hit and Safe,False,0.0,2.007710464780085,-1.8570103707781924,0.8325485320268216
161,anonymized-files-wisd/12345641_15512.jsonl,617522563.0,3.0,-0.1802505211680981,2.56397497713116,Hit and Safe,False,17.98945726147209,,,1.5531413066971973
162,anonymized-files-wisd/12345641_1575.jsonl,412098649.0,2.0,1.2378851510533355,0.0343165635200126,Hit Foul,False,36.89977021300434,3.5620240122061815,-21.07547246853323,0.6112913943484453
163,anonymized-files-wisd/12345641_17546.jsonl,172804761.0,3.0,-0.3445722000072234,2.828729670931006,Hit and Out,True,6.891706164737798,6.287549250078766,-12.405520866516266,1.229356651274653
164,anonymized-files-wisd/12345641_17938.jsonl,568527038.0,1.0,-0.5081753410303246,3.3824625416279597,Hit Foul,True,48.62317949156751,-21.826008823471703,-25.48141055461173,1.1083990542976228
165,anonymized-files-wisd/12345641_1854.jsonl,568527038.0,7.0,-1.167368233453265,1.830657712077154,Hit and Out,False,62.496553498667346,1.4094964434265709,-5.855139182160981,1.3116034477812488
166,anonymized-files-wisd/12345641_19696.jsonl,545569723.0,4.0,-0.5137846284696999,2.809576696413121,Hit Foul,False,8.108903047597137,6.6718240305870635,1.0311209991843002,1.8740696361166136
167,anonymized-files-wisd/12345641_19821.jsonl,518481551.0,1.0,-0.5089356216456098,2.82775442828747,Hit Foul,False,-1.0,4.994897646431512,0.1991809624510656,0.2376618611668723
168,anonymized-files-wisd/12345641_20215.jsonl,451871192.0,4.0,-0.1669696071684749,2.326937202720785,Hit and Safe,True,26.87348505754524,7.491800673001275,0.5467814373973772,1.3304310761862923
169,anonymized-files-wisd/12345641_20745.jsonl,805688901.0,1.0,-0.6776276141898728,2.0825318822282535,Hit and Out,True,17.323174554578138,,,1.1089490979969885
170,anonymized-files-wisd/12345641_21986.jsonl,432216743.0,3.0,0.6136170792648508,2.861566045170017,Hit Foul,True,9.471462104828689,3.951991976220228,-1.7250175458193415,1.3587143896720624
171,anonymized-files-wisd/12345641_22489.jsonl,432216743.0,1.0,-0.1102677866191157,3.593902353685283,Hit and Safe,False,21.095020066247937,16.06937650228121,11.737346343736256,1.7490825643793109
172,anonymized-files-wisd/12345641_22598.jsonl,459722179.0,5.0,-0.2851872521730613,3.022022303364826,Hit and Out,False,10.174350056560767,,,1.877284754149415
173,anonymized-files-wisd/12345641_22862.jsonl,412098649.0,1.0,-0.2176190721570426,2.4076036649347916,Hit Foul,False,86.77820195160241,-66.11099490753418,-71.07082540009141,-0.37985224638447
174,anonymized-files-wisd/12345641_2307.jsonl,568527038.0,2.0,-1.1018465219573743,1.880562033636954,Hit and Safe,False,62.11034919941171,-3.747402282049188,-10.584519515976726,0.9888627195973918
175,anonymized-files-wisd/12345641_23436.jsonl,719146721.0,7.0,0.0812857208742678,3.600094811880562,Hit Foul,False,19.82484217955278,5.371319182846443,1.8835565432295105,1.419069619714647
176,anonymized-files-wisd/12345641_23948.jsonl,459722179.0,7.0,-0.8833692093264628,3.673089374230365,Hit Foul,False,26.82229150998648,15.357106242359915,12.14129815950093,1.397029530064796
177,anonymized-files-wisd/12345641_24613.jsonl,518481551.0,3.0,-0.0961009426028076,2.2478165584501397,Hit and Safe,True,-1.0,4.626016561035914,-2.842399439244879,1.10041251489968
178,anonymized-files-wisd/12345641_24759.jsonl,545569723.0,0.0,-1.027015649201818,1.0036256940262356,Hit Foul,False,0.0,,,0.7116708784866776
179,anonymized-files-wisd/12345641_25244.jsonl,172804761.0,4.0,-0.0757737492261439,2.584433563055852,Hit and Safe,False,8.057242531759526,2.54798358672151,-8.962743433238014,0.9888860426132045
180,anonymized-files-wisd/12345641_25526.jsonl,545569723.0,2.0,-0.615788306065302,2.989428369278079,Hit and Out,False,21.815662785865317,-4.17379312425542,-9.114859790173622,0.9004572055979267
181,anonymized-files-wisd/12345641_27761.jsonl,719146721.0,8.0,-0.52783412413394,3.154716060232786,Hit Foul,False,13.222190547269124,7.796936096613192,1.1992989004986585,2.3157972002202083
182,anonymized-files-wisd/12345641_27980.jsonl,172804761.0,5.0,-0.4577890935311012,2.661277285752084,Hit Foul,False,9.76571856273346,9.26935612778922,4.28084935297725,1.006626011012071
183,anonymized-files-wisd/12345641_28040.jsonl,451871192.0,3.0,-0.4173952858945664,2.868229382014817,Hit Foul,True,25.10942730209739,,,0.1167343493737867
184,anonymized-files-wisd/12345641_28172.jsonl,459722179.0,10.0,-0.2332301857552388,2.7067049399578167,Hit and Out,False,10.130324533687675,-2.895622262660562,-12.710191289246056,1.838199604403214
185,anonymized-files-wisd/12345641_28731.jsonl,412098649.0,6.0,0.5026633030249842,1.0680796552187677,Hit Foul,True,36.72471163946912,5.164762630380225,-2.7944688641519324,1.2400984585231427
186,anonymized-files-wisd/12345641_29372.jsonl,172804761.0,7.0,-0.7057301063135157,3.3350633766233657,Hit Foul,False,9.833034686531477,4.31920516456609,0.4927423476164869,1.2521671122531088
187,anonymized-files-wisd/12345641_29683.jsonl,360906992.0,6.0,0.1302253726300825,1.8000677721608862,Hit and Out,False,22.836206482747947,,,2.0771345704349367
188,anonymized-files-wisd/12345641_29850.jsonl,797957728.0,3.0,-0.6306425258011323,3.0578679196698504,Hit and Out,True,24.8614158976305,2.3156107072592578,-2.764976715776532,1.5374842145675514
189,anonymized-files-wisd/12345641_29870.jsonl,352830460.0,7.0,0.2788560484227995,2.872259661633511,Hit and Safe,True,23.65614208252279,,,1.534039069105372
190,anonymized-files-wisd/12345641_30180.jsonl,412098649.0,3.0,0.8846444248772337,-0.1629438659383141,Hit Foul,True,21.085666293764454,,,0.6914984673879103
191,anonymized-files-wisd/12345641_30556.jsonl,719146721.0,9.0,-1.154916833808444,1.8195914882162705,Hit Foul,True,13.028788745310468,12.620555516741955,4.189941837573645,2.2577466145460887
192,anonymized-files-wisd/12345641_31194.jsonl,352830460.0,17.0,0.1158606572940252,1.802747962635017,Hit and Out,False,29.565633311298953,-9.451895704780007,-15.477114097973844,0.9705412349087608
193,anonymized-files-wisd/12345641_3139.jsonl,719146721.0,10.0,-0.8770619361343807,2.146458086354495,Hit Foul,True,10.899079670606223,17.95905684260609,10.767568994694024,2.6843325243010168
194,anonymized-files-wisd/12345641_31477.jsonl,459722179.0,17.0,0.4076247544311105,3.1362854648309004,Hit Foul,True,22.20784436178007,-0.2603424579954195,-5.259248175034058,1.4131120412727398
195,anonymized-files-wisd/12345641_31712.jsonl,174158975.0,9.0,0.3509010176103989,3.1700922993907916,Hit Foul,True,13.792726571766371,,,0.5679409862661571
196,anonymized-files-wisd/12345641_320.jsonl,412098649.0,0.0,-2.696165217735977,2.1509794563831774,Hit Foul,True,0.0,-3.503481739439322,31.44723724765695,-0.7688945217228933
197,anonymized-files-wisd/12345641_33510.jsonl,719146721.0,14.0,-0.2941111740692863,2.1748944201562894,Hit and Safe,True,24.270168529421937,6.312493708145633,-0.6375501494497122,2.6180195036346365
198,anonymized-files-wisd/12345641_33671.jsonl,518481551.0,0.0,-0.8335303038682566,2.1890716956771232,Hit and Out,False,0.0,2.263201706767269,3.1493991073974343,0.7151214715637941
199,anonymized-files-wisd/12345641_33789.jsonl,805688901.0,5.0,-0.3827426139362487,2.9844892150173403,Hit Foul,False,12.86059698552089,7.097514099758715,-0.3978621487591312,1.8896114395053525
200,anonymized-files-wisd/12345641_34642.jsonl,719146721.0,11.0,-0.2807061802462685,1.5429431009171035,Hit and Out,False,14.09328944455827,11.388839693950631,3.826384635104216,2.202923961793351
201,anonymized-files-wisd/12345641_35170.jsonl,805688901.0,6.0,-0.1920565303282012,1.6473755958577705,Hit and Safe,False,11.075740407814331,6.7967124754624315,-1.3700083141806765,1.0692531528068574
202,anonymized-files-wisd/12345641_35758.jsonl,352830460.0,13.0,1.6293018094816518,1.1486312819654207,Hit Foul,False,17.44076374892836,5.026854757402754,-13.995280817719957,1.56226197884075
203,anonymized-files-wisd/12345641_35812.jsonl,568527038.0,5.0,0.0802705565256277,3.2176341293162967,Hit Foul,True,14.978638372226404,13.192884746497093,7.972589102490604,0.3448849030281524
204,anonymized-files-wisd/12345641_35937.jsonl,352830460.0,11.0,0.4062809201226071,3.26766767616877,Hit Foul,True,10.897800111251922,1.145773286569515,-2.0180900464594864,1.2570110184460193
205,anonymized-files-wisd/12345641_36255.jsonl,719146721.0,16.0,-0.6824571435320026,2.7421761965092304,Hit Foul,True,12.521238682540837,-1.756223904615234,-8.291819462179568,1.0934821996490387
206,anonymized-files-wisd/12345641_36283.jsonl,451871192.0,9.0,-0.7889560790456739,3.2441968072887,Hit and Out,True,20.98577088011873,9.656268698183696,4.493311330935523,1.0524989015073
207,anonymized-files-wisd/12345641_36286.jsonl,719146721.0,15.0,-0.3359815418375582,2.366723842312199,Hit and Out,True,18.415489957822288,6.745367675403041,2.83782316031244,1.8933275411939072
208,anonymized-files-wisd/12345641_36899.jsonl,518481551.0,2.0,-0.2626566952118879,2.422761697605682,Hit and Out,False,-1.0,3.7099293825407904,2.075351253624913,1.3371516212167922
209,anonymized-files-wisd/12345641_37380.jsonl,765710437.0,10.0,0.1920123263034095,3.908297903016594,Hit Foul,True,14.984069671139904,,,1.641331033612821
210,anonymized-files-wisd/12345641_37796.jsonl,797957728.0,21.0,0.331559822900652,-0.726280534045219,Hit and Out,False,12.81607394547659,3.0046910939331997,-45.91823817840336,1.8896913124397932
211,anonymized-files-wisd/12345641_3847.jsonl,451871192.0,10.0,1.0379096584213556,1.8828738723349925,Hit and Safe,False,47.383570223600415,,,0.7032794515943559
212,anonymized-files-wisd/12345641_38790.jsonl,432216743.0,4.0,0.3788723969804335,1.7197978858492626,Hit Foul,False,10.15205203243261,2.8120280735639502,-6.533036431324313,1.6100632634925276
213,anonymized-files-wisd/12345641_40164.jsonl,545569723.0,5.0,-0.06202282199937,2.56253611527644,Hit and Out,False,7.758814208897599,,,1.2506185984354423
214,anonymized-files-wisd/12345641_40399.jsonl,432216743.0,2.0,-0.520323098077862,2.4905922004075127,Hit Foul,True,14.750124248210644,-47.94893731023447,-56.10680245433492,0.1604006616079936
215,anonymized-files-wisd/12345641_42872.jsonl,558675411.0,7.0,0.9689313341306484,1.9468791067954576,Hit Foul,True,60.65891567495569,-5.6190771240494435,-12.855534699671438,0.8400569730722172
216,anonymized-files-wisd/12345641_43187.jsonl,412098649.0,5.0,0.7080641403928939,2.3997419915500107,Hit Foul,True,43.32136796120948,-2.86000354874042,-61.16659163087917,-0.0609011092050132
217,anonymized-files-wisd/12345641_44375.jsonl,805688901.0,7.0,-1.6735406951868532,3.0501345700767466,Hit and Out,True,19.828828895583815,0.1909245291796742,1.5595221861063795,1.3965509231767852
218,anonymized-files-wisd/12345641_45276.jsonl,765710437.0,8.0,-0.0555513236365026,2.464885532952857,Hit and Safe,False,8.527524089007592,-7.245816821840481,-12.164092319864762,0.7429438830896068
219,anonymized-files-wisd/12345641_45802.jsonl,854238128.0,7.0,-0.661979669327001,2.5977457505916095,Hit and Safe,False,4.463892296728112,,,1.7306591634828574
220,anonymized-files-wisd/12345641_46.jsonl,352830460.0,6.0,0.0656085124011617,2.343750647482967,Hit Foul,True,19.639887343104977,3.388472019810296,-5.229580529727347,2.1394617184453497
221,anonymized-files-wisd/12345641_46511.jsonl,459722179.0,18.0,-0.5353099180758037,2.724446438597548,Hit and Out,False,7.949617498905287,-11.555252796088997,-16.497478004191223,1.009152378900536
222,anonymized-files-wisd/12345641_46605.jsonl,352830460.0,2.0,1.0245791968297138,3.298375755551312,Hit Foul,False,12.053892369457149,3.888504381532431,0.4451711176401871,1.092539175219608
223,anonymized-files-wisd/12345641_47080.jsonl,617522563.0,1.0,-1.108433094656096,2.8927593548773873,Hit and Out,True,9.005786407996373,-10.116802211646304,-14.828940892053003,0.8006679498647264
224,anonymized-files-wisd/12345641_47582.jsonl,459722179.0,3.0,-0.2242484754153043,3.3925238165751685,Hit Foul,False,19.667099076166274,-0.3459293696062713,-4.469627090765773,1.4921497424202732
225,anonymized-files-wisd/12345641_47646.jsonl,459722179.0,4.0,-0.6296599969385407,3.084814837157886,Hit Foul,False,19.197188279770128,,,1.4492275185451795
226,anonymized-files-wisd/12345641_47821.jsonl,172804761.0,9.0,0.9236946449615864,1.9963541190434932,Hit and Safe,True,52.15229932484445,0.5211049259987257,-21.06381196512132,1.4695494496435126
227,anonymized-files-wisd/12345641_47853.jsonl,459722179.0,16.0,0.0617604682704739,2.9530010248956455,Hit Foul,False,12.281901688804606,,,0.9177937900205342
228,anonymized-files-wisd/12345641_48134.jsonl,558675411.0,8.0,0.4173259030650351,1.8196764693588137,Hit and Safe,False,27.28493880907868,3.7034372482324223,-2.961101935343264,1.5148328822299812
229,anonymized-files-wisd/12345641_49240.jsonl,360906992.0,4.0,-0.9833078691852456,2.8931734894158083,Hit and Out,False,15.952394807583298,,,1.3291678687990776
230,anonymized-files-wisd/12345641_49383.jsonl,172804761.0,8.0,0.3945913652886716,2.188443780241582,Hit and Safe,True,35.37392778126944,,,0.7776299206822965
231,anonymized-files-wisd/12345641_6811.jsonl,617522563.0,4.0,0.2355308199036259,3.035268084793138,Hit and Out,False,33.517465708490896,0.8766217852637187,3.931950218735087,1.470007738947424
232,anonymized-files-wisd/12345641_7727.jsonl,545569723.0,1.0,0.1794468354548382,1.7404186686051812,Hit and Out,False,18.201127050863192,77.18554798860244,61.63061524868529,1.397315178987864
233,anonymized-files-wisd/12345641_8212.jsonl,854238128.0,8.0,-0.4214712786947888,2.491483230981794,Hit and Out,False,6.208883744175581,-0.4479617985161705,-7.136339728760706,0.9880252392432416
234,anonymized-files-wisd/12345641_8377.jsonl,797957728.0,15.0,-1.3854032199893656,2.857394314965252,Hit and Out,False,30.145505192350186,-1.4945707209829389,-6.415096929688749,0.3131768316009342
235,anonymized-files-wisd/12345641_9139.jsonl,558675411.0,2.0,-1.1051425446767935,1.6138532539148718,Hit Foul,True,14.538641489168525,7.266448500221299,-0.3701230677179978,2.303344751541933
236,anonymized-files-wisd/12345645_10251.jsonl,686425745.0,0.0,-0.2099783925949581,3.138429422788583,Hit Foul,False,0.0,2.194732759577252,-3.2272909781794565,0.1210787592995225
237,anonymized-files-wisd/12345645_10950.jsonl,568527038.0,6.0,-0.2914385439828403,2.6449728810984627,Hit and Out,False,25.109916136466417,-1.520232159061723,-5.849577801150246,1.3838577789809832
238,anonymized-files-wisd/12345645_11261.jsonl,290569727.0,4.0,0.0721636360702305,2.8794197016190957,Hit and Safe,False,36.49840288383206,8.828698699918242,2.8615581444608944,1.6091350727706208
239,anonymized-files-wisd/12345645_11645.jsonl,558675411.0,3.0,0.2475911093529874,2.6237987010380563,Hit Foul,False,108.84835797182622,-74.68934542173255,-80.07470764208315,1.5426484820955464
240,anonymized-files-wisd/12345645_11971.jsonl,797957728.0,16.0,0.7928222541043062,2.755874808719669,Hit and Safe,True,40.277801239743894,-0.4525770468781691,1.7620598736596,1.2521263859194975
241,anonymized-files-wisd/12345645_12702.jsonl,590082479.0,6.0,1.0462279613387562,1.9332151827620656,Hit Foul,False,11.050163670390791,3.245193697781479,-11.865118302592489,0.8165449988822717
242,anonymized-files-wisd/12345645_12865.jsonl,223971350.0,1.0,-0.3105619148622582,3.384026244106724,Hit and Safe,False,15.385155971555385,9.876400898168953,4.004674782983364,0.914234814493006
243,anonymized-files-wisd/12345645_13771.jsonl,352830460.0,0.0,0.6438476892607999,3.6494964788551942,Hit Foul,False,0.0,2.206297311932503,2.1399630758296135,0.670691476455529
244,anonymized-files-wisd/12345645_13824.jsonl,563942271.0,0.0,-0.681494953759135,3.9929393311020984,Hit and Out,True,0.0,-22.20369406349092,-25.895811063531053,0.2663563179071457
245,anonymized-files-wisd/12345645_13844.jsonl,568527038.0,3.0,-0.6767404925252324,2.354040682517141,Hit Foul,False,22.43036612211028,-0.7554456293695784,-10.904225769661982,1.0807101976093612
246,anonymized-files-wisd/12345645_13920.jsonl,223971350.0,3.0,-0.9945755686688704,2.941428247572384,Hit Foul,False,7.008461690439326,10.465216820489314,5.9769092850730035,2.28193077961598
247,anonymized-files-wisd/12345645_15436.jsonl,797957728.0,17.0,1.1585117788510502,2.2962807798892233,Hit Foul,True,42.71922766640204,3.222806333392602,-2.862789796121457,1.6012720142265178
248,anonymized-files-wisd/12345645_15606.jsonl,854238128.0,3.0,-0.1091750177887222,2.738334918764941,Hit and Out,True,5.058018166638295,1.1655135819415865,-3.5773683285246136,0.1597940291913857
249,anonymized-files-wisd/12345645_15784.jsonl,352830460.0,3.0,0.7480139773672124,2.918253863978442,Hit Foul,False,8.656648004173878,-2.589162187388321,-6.792627262995942,0.7914020797147395
250,anonymized-files-wisd/12345645_15817.jsonl,485007791.0,1.0,0.9072394915172044,1.5851779695398154,Hit and Out,True,20.25670982668249,2.1288649491759615,-5.6399016852433945,1.3342434116818127
251,anonymized-files-wisd/12345645_17713.jsonl,719146721.0,5.0,0.6930404139005526,3.1512984126374004,Hit Foul,True,22.819469338798584,8.744677274775993,3.102223188131691,1.9666014018768592
252,anonymized-files-wisd/12345645_18037.jsonl,719146721.0,4.0,-0.547924360008352,2.0330148566674695,Hit Foul,False,12.13789644747622,39.31908426906691,29.1207773078335,2.28205604335963
253,anonymized-files-wisd/12345645_18443.jsonl,719146721.0,3.0,-0.3674368486740184,2.673405730028175,Hit and Out,False,9.43402846410115,4.08666824173871,-3.0343772093199277,2.348189204378765
254,anonymized-files-wisd/12345645_19178.jsonl,290569727.0,0.0,-0.6606101966801046,3.835023954107971,Hit and Safe,True,0.0,12.140032680616253,8.59635952618832,0.5988068365483147
255,anonymized-files-wisd/12345645_20353.jsonl,618024297.0,3.0,-0.6238269892065524,2.9916624709449287,Hit and Out,False,28.72800272544035,1.425963755775571,13.225045486141555,0.6698269876573624
256,anonymized-files-wisd/12345645_22746.jsonl,290569727.0,1.0,0.8145207544929882,2.159870851001509,Hit and Out,True,71.97097392685384,,,0.3899906665557541
257,anonymized-files-wisd/12345645_23732.jsonl,290569727.0,2.0,-0.6041393785330206,1.989925917811569,Hit Foul,False,33.68302337353586,1.0518286918693722,-4.682234477895645,0.8321063131565499
258,anonymized-files-wisd/12345645_24333.jsonl,474808052.0,4.0,0.1360738589781754,2.683748615329347,Hit Foul,False,45.01558127133102,10.552240081274686,4.198835717344778,2.3754816331876247
259,anonymized-files-wisd/12345645_24400.jsonl,618024297.0,2.0,-0.7388891675124789,3.267509883043086,Hit and Out,True,10.697901442519289,5.764959983098172,-0.8149821110101536,0.0527164944717649
260,anonymized-files-wisd/12345645_24682.jsonl,174158975.0,1.0,0.0598626461885551,3.504314445202142,Hit and Out,False,-1.0,6.425891650792008,0.0449354390997198,1.2650185929726092
261,anonymized-files-wisd/12345645_25179.jsonl,590082479.0,3.0,1.1308119821846918,2.062426153722783,Hit Foul,False,7.76047526991261,5.235839344908992,-0.4004289191560968,1.047150707781884
262,anonymized-files-wisd/12345645_2676.jsonl,686425745.0,5.0,0.4085682312960386,2.577963463590538,Hit and Out,False,10.631791725897996,2.8192254318473924,-3.364400406503625,0.524319219520871
263,anonymized-files-wisd/12345645_27780.jsonl,172804761.0,6.0,-0.2901072360632685,2.7813254212594405,Hit Foul,False,13.151963402933925,6.742388100055484,-0.1091367753980501,1.1204960537983315
264,anonymized-files-wisd/12345645_27844.jsonl,686425745.0,3.0,-0.5905589065891964,2.2238897519717455,Hit and Safe,False,25.43988549605645,,,0.411781579198536
265,anonymized-files-wisd/12345645_28554.jsonl,412098649.0,11.0,0.6867060162656706,3.4006240343231244,Hit and Safe,False,47.37966234920827,1.6739509801897587,-1.8506091225403656,0.0654741627811638
266,anonymized-files-wisd/12345645_29891.jsonl,797957728.0,20.0,0.4159366569169018,4.080935156907671,Hit and Out,False,16.17563252820467,-3.0439482087110985,-6.763432709721428,1.113590516093173
267,anonymized-files-wisd/12345645_30020.jsonl,290569727.0,7.0,0.4565644181071887,2.0756105772623687,Hit and Safe,True,60.10057208203178,1.1700409868895416,-8.477711808876883,0.8701464831241461
268,anonymized-files-wisd/12345645_30114.jsonl,290569727.0,5.0,-0.6293027429622058,2.419575296352687,Hit Foul,False,30.339884851211607,,,1.146928778278714
269,anonymized-files-wisd/12345645_31469.jsonl,174158975.0,0.0,0.2757812217104635,2.030957095803962,Hit Foul,True,0.0,-4.003553955023899,-12.639374787604304,0.8823713546735632
270,anonymized-files-wisd/12345645_31954.jsonl,558675411.0,0.0,-0.2047058706306059,2.779017316290872,Hit and Safe,True,0.0,9.433888491352114,3.411682877102126,1.6497023969976312
271,anonymized-files-wisd/12345645_32505.jsonl,290569727.0,6.0,-0.8006176069956956,2.392830643738524,Hit Foul,False,33.54251901047902,8.093788727324366,1.3231554289614973,1.6235435731633685
272,anonymized-files-wisd/12345645_32945.jsonl,474808052.0,0.0,-1.2271138438581133,2.3594248284109174,Hit and Safe,False,0.0,1.9619459041403473,-3.0437464551469446,0.9847873154145178
273,anonymized-files-wisd/12345645_33395.jsonl,451871192.0,1.0,-0.5003778220751981,3.4039883966572435,Hit Foul,False,25.022247463456903,7.421210944888642,2.098286959007732,0.3170309900110292
274,anonymized-files-wisd/12345645_3395.jsonl,451871192.0,6.0,-1.223275246674166,-0.4020588397679602,Hit and Out,False,15.917567394700884,,,0.049802178624221
275,anonymized-files-wisd/12345645_34859.jsonl,172804761.0,2.0,-0.1414429811327158,2.139418397566158,Hit and Out,False,32.799138601340296,,,1.0772267702131022
276,anonymized-files-wisd/12345645_35481.jsonl,797957728.0,11.0,0.6038073831104179,1.9524173587606652,Hit Foul,False,19.86056161363028,,,1.2672837958574603
277,anonymized-files-wisd/12345645_35756.jsonl,474808052.0,7.0,-1.2297550234548695,2.154269891580735,Hit Foul,True,13.146323069153947,2.257966912681931,-3.674519412520756,1.2467049466115463
278,anonymized-files-wisd/12345645_36120.jsonl,765710437.0,2.0,-1.1553639662731228,2.130752218475995,Hit and Safe,True,41.73747738584373,-4.554587772166955,-8.087466189716022,1.0140420465894304
279,anonymized-files-wisd/12345645_36716.jsonl,485007791.0,0.0,0.7443203358371647,2.343883792037584,Hit and Safe,False,0.0,6.057735421444287,-5.211380137343852,1.4154270458592575
280,anonymized-files-wisd/12345645_38027.jsonl,172804761.0,1.0,0.2597726614451588,1.7977743580683163,Hit and Out,False,32.87884988942158,3.5173578975154265,-1.480428449821702,1.5422443799576555
281,anonymized-files-wisd/12345645_38158.jsonl,686425745.0,4.0,-0.1407902300783625,3.2493419890805835,Hit Foul,False,8.817687600703554,-7.67412531933963,61.63860979801736,-0.0434117018156821
282,anonymized-files-wisd/12345645_38171.jsonl,568527038.0,0.0,0.788853836656141,2.025997195688635,Hit and Out,False,0.0,4.38350371999945,-0.1579720258376511,1.637976744361232
283,anonymized-files-wisd/12345645_38302.jsonl,412098649.0,14.0,-0.3783920755932281,2.3061982215514067,Hit and Safe,False,21.064866204367448,2.7506949942147645,-10.99043863151833,0.9133118471234618
284,anonymized-files-wisd/12345645_39179.jsonl,174158975.0,3.0,-0.0207553101034422,2.646251404565507,Hit and Out,False,16.18655004361512,10.907877316123711,6.160866462353391,0.2027337407061399
285,anonymized-files-wisd/12345645_39205.jsonl,797957728.0,5.0,0.2713171449851196,2.4968419234763046,Hit Foul,False,9.97067916598268,0.9343732951468978,-5.0092430289066385,1.7673227077229527
286,anonymized-files-wisd/12345645_39767.jsonl,618024297.0,6.0,-0.0505690474949281,1.8166271298186052,Hit and Out,False,10.653297734643065,8.140573367511221,-2.963808410716359,0.9746780619394084
287,anonymized-files-wisd/12345645_39826.jsonl,719146721.0,0.0,-0.6614269307968259,2.0024263356984013,Hit Foul,True,0.0,6.133073908780298,-3.023026407208291,2.0429649879938325
288,anonymized-files-wisd/12345645_40018.jsonl,172804761.0,0.0,-0.9610529115866544,3.094568279633858,Hit and Out,False,0.0,0.8027639530804503,-3.810890479754764,0.5625061262111496
289,anonymized-files-wisd/12345645_40081.jsonl,558675411.0,6.0,0.7230823176150463,2.47427587048704,Hit and Safe,False,29.00248243170773,-83.01381725067372,-91.70256173499624,1.9668474874092976
290,anonymized-files-wisd/12345645_4046.jsonl,174158975.0,11.0,-0.2597655338603489,1.8864383721165665,Hit and Out,False,11.519155586558869,,,0.2491699955176113
291,anonymized-files-wisd/12345645_42191.jsonl,558675411.0,5.0,-0.1976878473062131,2.3266058022168257,Hit Foul,False,26.18797021400347,2.554758251081883,-2.4828380312121894,1.7668806766813716
292,anonymized-files-wisd/12345645_42567.jsonl,719146721.0,1.0,-0.6293611581958592,2.963585819619361,Hit and Safe,False,16.200877467384668,9.4804211609687,4.725570706576229,1.112267245410917
293,anonymized-files-wisd/12345645_4352.jsonl,568527038.0,4.0,-0.4825153420815702,3.812030824249806,Hit and Out,True,39.5736321321744,-4.918525397659114,-9.431232459811202,1.0551943709981486
294,anonymized-files-wisd/12345645_43592.jsonl,352830460.0,15.0,0.7881411560509369,2.5193949253008063,Hit and Out,True,16.790138380037714,9.849805494954284,2.6365655857727033,2.09482027890505
295,anonymized-files-wisd/12345645_44444.jsonl,765710437.0,3.0,-1.1999999497461242,2.981899016357956,Hit Foul,True,25.297525272150555,-6.230106126962702,-9.732376716706298,0.4300312246235996
296,anonymized-files-wisd/12345645_44473.jsonl,719146721.0,13.0,-0.6595833655431588,1.6181689372749442,Hit Foul,False,16.964159503982813,,,1.75492268421688
297,anonymized-files-wisd/12345645_44719.jsonl,719146721.0,2.0,-0.852846554997644,2.543237085656812,Hit and Safe,False,13.052480088534953,19.31224459359969,14.221884482550138,1.60975622998588
298,anonymized-files-wisd/12345645_4525.jsonl,797957728.0,22.0,-0.2339750074101246,2.4749200737930033,Hit Foul,True,6.703458673276124,3.9203022194842503,-1.9454176171065911,1.811752309024694
299,anonymized-files-wisd/12345645_45462.jsonl,590082479.0,2.0,0.0118255055623385,2.4427788916918587,Hit and Safe,True,9.49652437031414,7.792034379070109,4.87460872865848,0.8587596016759355
300,anonymized-files-wisd/12345645_4613.jsonl,854238128.0,4.0,-0.384622283207446,2.8217599656578014,Hit Foul,False,14.333756968268643,3.207152139669525,-3.645917546727748,0.7804730446208495
301,anonymized-files-wisd/12345645_46244.jsonl,590082479.0,1.0,0.8014189226124392,3.3301569846985273,Hit Foul,False,18.03428769816346,2.374016271458669,1.8202105824226884,1.7858079293100158
302,anonymized-files-wisd/12345645_4684.jsonl,174158975.0,12.0,0.3831855806920531,1.8909843404074569,Hit Foul,False,12.279176763395096,4.8866389353331146,-4.742565432766447,1.358188177362698
303,anonymized-files-wisd/12345645_46867.jsonl,797957728.0,9.0,-0.2394959875801465,1.9695419051111107,Hit Foul,False,10.656538727009105,-2.1144516160022255,-7.9991987995257325,1.248673643250691
304,anonymized-files-wisd/12345645_46952.jsonl,352830460.0,8.0,0.8719868920107916,1.8701131760846736,Hit Foul,False,21.85940774854322,6.1573407191026694,1.9970022021262883,2.3400055342184167
305,anonymized-files-wisd/12345645_4767.jsonl,485007791.0,3.0,0.922818186540541,1.482326150083172,Hit and Safe,False,24.783638297244355,2.227190272852332,-5.395289997216104,1.1460818085061135
306,anonymized-files-wisd/12345645_47716.jsonl,352830460.0,14.0,-0.4688077661740724,2.2333223778878906,Hit and Out,True,71.51838259394587,-4.832841212254587,-11.21400479025297,0.9180719645600212
307,anonymized-files-wisd/12345645_48070.jsonl,618024297.0,8.0,0.0329261383482683,2.8365647395395306,Hit Foul,False,18.459869508828035,3.496303278883668,-3.1376968120740094,0.290525557883045
308,anonymized-files-wisd/12345645_48414.jsonl,590082479.0,0.0,-0.2333480423521032,2.0806318009724487,Hit and Out,False,0.0,6.385933669236494,0.063854138435051,1.2423443676065276
309,anonymized-files-wisd/12345645_48435.jsonl,590082479.0,4.0,0.1649652865570392,2.6907720412334584,Hit and Safe,True,6.672738070484576,1.705794392200633,1.0553488365272576,0.5686486235572685
310,anonymized-files-wisd/12345645_48469.jsonl,797957728.0,10.0,0.3766147584652899,2.613697243145623,Hit and Out,True,5.097990957597188,,,0.6128737627317703
311,anonymized-files-wisd/12345645_4868.jsonl,765710437.0,9.0,-1.1825462799577964,2.1952746959716043,Hit and Safe,True,24.725737833422937,-4.216538533385139,-9.660627315099283,0.7076125100716188
312,anonymized-files-wisd/12345645_49158.jsonl,719146721.0,17.0,-0.9304248318786534,2.983983554230955,Hit and Safe,True,13.633168426660124,12.25413842383052,3.521627851807347,2.6477071842758586
313,anonymized-files-wisd/12345645_49435.jsonl,474808052.0,3.0,-0.9495948639592444,2.471548426758931,Hit and Safe,False,5.081213951798471,1.163436732943974,-3.9347981419071703,1.0459259267179344
314,anonymized-files-wisd/12345645_5831.jsonl,797957728.0,6.0,0.0601000853296025,1.6034249885907417,Hit and Safe,True,13.43373575224984,,,1.235942009919516
315,anonymized-files-wisd/12345645_7165.jsonl,719146721.0,12.0,-0.4036656855509004,2.2060384800473787,Hit Foul,False,10.356360360050257,5.409031693830789,-1.1757221929865418,1.7521331269861722
316,anonymized-files-wisd/12345645_7688.jsonl,474808052.0,1.0,-0.9555424584162266,3.664486161320536,Hit and Out,False,8.420034033225745,4.809041285211968,28.004029659238885,1.1226880544197986
317,anonymized-files-wisd/12345645_7717.jsonl,618024297.0,1.0,-0.244763852605594,2.6151992843587575,Hit Foul,False,9.376779263582376,4.50516037906332,1.0870779312212775,0.4567347655129575
318,anonymized-files-wisd/12345645_8063.jsonl,352830460.0,5.0,0.6973160274286025,3.3519544067408527,Hit and Safe,False,18.420207439662075,38.65270641425179,40.70878816183472,1.4730066296613482
319,anonymized-files-wisd/12345645_8329.jsonl,618024297.0,0.0,0.0944360794958807,2.176919598800477,Hit and Safe,True,0.0,5.4216504744652045,-2.832093681284789,1.0989777937490943
320,anonymized-files-wisd/12345645_9382.jsonl,485007791.0,6.0,-0.1554029566161033,1.8310970485643672,Hit and Safe,False,14.630283663276352,-0.714548284376558,-7.708854970375349,0.4029287009436729
